{"cameraMode":{"drawMode":0,"name":"Shaded","section":"Shading Mode"},"sceneLighting":true,"audioPlay":false,"sceneViewState":{"m_AlwaysRefresh":false,"showFog":true,"showSkybox":true,"showFlares":true,"showImageEffects":true,"showParticleSystems":true,"showVisualEffectGraphs":true,"m_FxEnabled":true},"in2DMode":false,"pivot":{"x":-4.149984836578369,"y":0.3320000171661377,"z":3.77744197845459},"rotation":{"x":0.0005666174693033099,"y":0.9979755282402039,"z":0.06295578181743622,"w":-0.008982023224234581},"size":0.8660253882408142,"orthographic":false}